model,accuracy,confusion_matrix,tn,fp,fn,tp,TPR/Recall,TNR/Specificity,PPV/Precision,NPV
<tensorflow.python.keras.engine.sequential.Sequential object at 0x7f0c49446e90>,0.965416669845581,"[[1136   52]
 [  31 1181]]",1136,52,31,1181,0.9744224422442245,0.9562289562289562,0.9578264395782644,0.9734361610968295
