accuracy,confusion_matrix,tn,fp,fn,tp,TPR/Recall,TNR/Specificity,PPV/Precision,NPV
0.9737499952316284,"[[1168   29]
 [  34 1169]]",1168,29,34,1169,0.971737323358271,0.9757727652464494,0.9757929883138564,0.9717138103161398
