accuracy,confusion_matrix,tn,fp,fn,tp,TPR/Recall,TNR/Specificity,PPV/Precision,NPV
0.9708333611488342,"[[1157   32]
 [  38 1173]]",1157,32,38,1173,0.9686209744013212,0.9730866274179983,0.9734439834024896,0.9682008368200837
