accuracy,confusion_matrix,tn,fp,fn,tp,TPR/Recall,TNR/Specificity,PPV/Precision,NPV
0.9679166674613953,"[[1164   32]
 [  45 1159]]",1164,32,45,1159,0.9626245847176079,0.9732441471571907,0.9731318219983207,0.9627791563275434
