accuracy,confusion_matrix,tn,fp,fn,tp,TPR/Recall,TNR/Specificity,PPV/Precision,NPV
0.9587500095367432,"[[1167   22]
 [  77 1134]]",1167,22,77,1134,0.9364161849710982,0.9814970563498738,0.9809688581314879,0.9381028938906752
