accuracy,confusion_matrix,tn,fp,fn,tp,TPR/Recall,TNR/Specificity,PPV/Precision,NPV
0.9579166769981384,"[[1129   33]
 [  68 1170]]",1129,33,68,1170,0.9450726978998385,0.9716006884681584,0.972568578553616,0.9431913116123642
