accuracy,confusion_matrix,tn,fp,fn,tp,TPR/Recall,TNR/Specificity,PPV/Precision,NPV
0.95333331823349,"[[1150   48]
 [  64 1138]]",1150,48,64,1138,0.9467554076539102,0.9599332220367279,0.9595278246205734,0.9472817133443163
