accuracy,confusion_matrix,tn,fp,fn,tp,TPR/Recall,TNR/Specificity,PPV/Precision,NPV
0.9420833587646484,"[[1145   34]
 [ 105 1116]]",1145,34,105,1116,0.914004914004914,0.9711620016963528,0.9704347826086956,0.916
