accuracy,confusion_matrix,tn,fp,fn,tp,TPR/Recall,TNR/Specificity,PPV/Precision,NPV
0.9591666460037231,"[[1118   48]
 [  50 1184]]",1118,48,50,1184,0.9594813614262561,0.9588336192109777,0.961038961038961,0.9571917808219178
